{
  "Plain_MLP_Backbone": {
    "val_metrics": {
      "acc": 0.8501033707865169,
      "auc_roc": 0.6867416196468245,
      "f1_macro": 0.592031220383635,
      "f1_weighted": 0.8044206227717643,
      "kappa": 0.2610667457568733,
      "logloss": 1.4484453048833978,
      "mcc": 0.29961252944449773,
      "pr_auc": 0.8167873177767547,
      "precision_macro": 0.8379991984408001,
      "precision_weighted": 0.8245138998175394,
      "recall_macro": 0.6007898006694001,
      "recall_weighted": 0.8501033707865169
    },
    "test_metrics": {
      "acc": 0.8492224719101124,
      "auc_roc": 0.6863098483084398,
      "f1_macro": 0.5942120512062745,
      "f1_weighted": 0.8031473777389786,
      "kappa": 0.26585564691383157,
      "logloss": 1.4638439362785447,
      "mcc": 0.29398731447645277,
      "pr_auc": 0.8079315452073402,
      "precision_macro": 0.6566460335279166,
      "precision_weighted": 0.796827076350579,
      "recall_macro": 0.603417260618403,
      "recall_weighted": 0.8492224719101124
    }
  },
  "Plain_Transformer_Backbone": {
    "val_metrics": {
      "acc": 0.8579056179775281,
      "auc_roc": 0.9102286307170199,
      "f1_macro": 0.6351168477197516,
      "f1_weighted": 0.8051281023133058,
      "kappa": 0.3595505617977528,
      "logloss": 0.6559957672169223,
      "mcc": 0.3595505617977528,
      "pr_auc": 0.8560579191786084,
      "precision_macro": 0.6087280898876405,
      "precision_weighted": 0.7714389878118764,
      "recall_macro": 0.6797752808988764,
      "recall_weighted": 0.8579056179775281
    },
    "test_metrics": {
      "acc": 0.8579595505617977,
      "auc_roc": 0.9102907218879425,
      "f1_macro": 0.6351349904752988,
      "f1_weighted": 0.8051996819707509,
      "kappa": 0.3595505617977528,
      "logloss": 0.6557237769418591,
      "mcc": 0.3595505617977528,
      "pr_auc": 0.8457710682929029,
      "precision_macro": 0.6087550561797753,
      "precision_weighted": 0.7715217220832803,
      "recall_macro": 0.6797752808988764,
      "recall_weighted": 0.8579595505617977
    }
  },
  "Shallow_Tabular_Encoder": {
    "val_metrics": {
      "acc": 0.6483775280898877,
      "auc_roc": 0.7491193145135078,
      "f1_macro": 0.5429344535049312,
      "f1_weighted": 0.669798126482582,
      "kappa": 0.2745915422156183,
      "logloss": 1.508948503142493,
      "mcc": 0.28212437146707187,
      "pr_auc": 0.87408568657069,
      "precision_macro": 0.7069659575338296,
      "precision_weighted": 0.8550814532967843,
      "recall_macro": 0.5854404064218981,
      "recall_weighted": 0.6483775280898877
    },
    "test_metrics": {
      "acc": 0.649923595505618,
      "auc_roc": 0.7500876070046602,
      "f1_macro": 0.5454643422702152,
      "f1_weighted": 0.6700350183008283,
      "kappa": 0.2771462250655169,
      "logloss": 1.5321566343190873,
      "mcc": 0.2843125790770742,
      "pr_auc": 0.8640089117347849,
      "precision_macro": 0.7057561074981614,
      "precision_weighted": 0.8531372994447053,
      "recall_macro": 0.5882252926561291,
      "recall_weighted": 0.649923595505618
    }
  },
  "Fully_Shared_Model": {
    "val_metrics": {
      "acc": 0.47653033707865167,
      "auc_roc": 0.7442026750945298,
      "f1_macro": 0.27763572290463784,
      "f1_weighted": 0.3983205403652419,
      "kappa": 0.00047812923339746747,
      "logloss": 2.5734777651091076,
      "mcc": 0.009274319767855373,
      "pr_auc": 0.784065712273852,
      "precision_macro": 0.41803982154163893,
      "precision_weighted": 0.39181804991104874,
      "recall_macro": 0.5001285946215299,
      "recall_weighted": 0.47653033707865167
    },
    "test_metrics": {
      "acc": 0.4749303370786517,
      "auc_roc": 0.7374972099424274,
      "f1_macro": 0.2769248075365839,
      "f1_weighted": 0.3960110590841356,
      "kappa": 0.0,
      "logloss": 2.6053797064382316,
      "mcc": 0.0,
      "pr_auc": 0.7765684882185436,
      "precision_macro": 0.23746516853932584,
      "precision_weighted": 0.3638087234315949,
      "recall_macro": 0.5,
      "recall_weighted": 0.4749303370786517
    }
  },
  "Fully_Private_Model": {
    "val_metrics": {
      "acc": 0.8908584269662921,
      "auc_roc": 0.8668342012819047,
      "f1_macro": 0.6992906378000275,
      "f1_weighted": 0.8592884576767671,
      "kappa": 0.45339901933893606,
      "logloss": 0.23940304035694,
      "mcc": 0.478467448347468,
      "pr_auc": 0.9513436605824074,
      "precision_macro": 0.9261978379496322,
      "precision_weighted": 0.926437466840277,
      "recall_macro": 0.7227047599104237,
      "recall_weighted": 0.8908584269662921
    },
    "test_metrics": {
      "acc": 0.888,
      "auc_roc": 0.8584295542996044,
      "f1_macro": 0.6945536448454867,
      "f1_weighted": 0.8549650641087284,
      "kappa": 0.4462996659236711,
      "logloss": 0.24819053230967855,
      "mcc": 0.46196995111619055,
      "pr_auc": 0.9441030244893436,
      "precision_macro": 0.7421166432442393,
      "precision_weighted": 0.8977901135511364,
      "recall_macro": 0.7198961149228196,
      "recall_weighted": 0.888
    }
  }
}