{
  "GRIP_DFFI_NO_FS__FixedSmall": {
    "scenario": "FixedSmall",
    "method": "GRIP_DFFI_NO_FS",
    "subset": "all",
    "alpha": 0.7,
    "val_metrics": {
      "acc": 0.9588796710373683,
      "auc_roc": 0.9652886774496481,
      "f1_macro": 0.8594185463938695,
      "f1_weighted": 0.9497745679619406,
      "kappa": 0.731551905644217,
      "logloss": 0.08572154047455136,
      "mcc": 0.7337356968306984,
      "pr_auc": 0.8541339888397762,
      "precision_macro": 0.8572851867041656,
      "precision_weighted": 0.9454891321351306,
      "recall_macro": 0.8677254499538881,
      "recall_weighted": 0.9588796710373683
    },
    "test_metrics": {
      "acc": 0.9591396731173849,
      "auc_roc": 0.9662675097203124,
      "f1_macro": 0.8596622213055363,
      "f1_weighted": 0.9500614761339913,
      "kappa": 0.731773625153504,
      "logloss": 0.0854445599562219,
      "mcc": 0.7338160822744372,
      "pr_auc": 0.8585360349493742,
      "precision_macro": 0.857343917989054,
      "precision_weighted": 0.9454957075540438,
      "recall_macro": 0.8676888411610126,
      "recall_weighted": 0.9591396731173849
    }
  },
  "FedAvg__FixedSmall": {
    "scenario": "FixedSmall",
    "method": "FedAvg",
    "subset": "all",
    "alpha": 0.7,
    "val_metrics": {
      "acc": 0.802391011235955,
      "auc_roc": 0.6216059826105038,
      "f1_macro": 0.6280214812808632,
      "f1_weighted": 0.7672389266117224,
      "kappa": 0.36268790242615206,
      "logloss": 1.560676898279817,
      "mcc": 0.4115935583905209,
      "pr_auc": 0.7627862681819589,
      "precision_macro": 0.7327633251183173,
      "precision_weighted": 0.8152088167830631,
      "recall_macro": 0.6879488153696895,
      "recall_weighted": 0.802391011235955
    },
    "test_metrics": {
      "acc": 0.7998561797752809,
      "auc_roc": 0.6218291286995725,
      "f1_macro": 0.6255413675908127,
      "f1_weighted": 0.7643749068564126,
      "kappa": 0.3587580698667465,
      "logloss": 1.5759787456965393,
      "mcc": 0.4076841423208124,
      "pr_auc": 0.7549767118249536,
      "precision_macro": 0.7304198882341326,
      "precision_weighted": 0.8137346499841456,
      "recall_macro": 0.6854658902418536,
      "recall_weighted": 0.7998561797752809
    }
  },
  "FedPer__FixedSmall": {
    "scenario": "FixedSmall",
    "method": "FedPer",
    "subset": "all",
    "alpha": 0.7,
    "val_metrics": {
      "acc": 0.8742471910112359,
      "auc_roc": 0.7919850166221657,
      "f1_macro": 0.7547207476075016,
      "f1_weighted": 0.8737244988979039,
      "kappa": 0.5389690881331105,
      "logloss": 0.2820280817221404,
      "mcc": 0.5694148537542585,
      "pr_auc": 0.863357448682784,
      "precision_macro": 0.8791949654575606,
      "precision_weighted": 0.9058422511416085,
      "recall_macro": 0.723118340942772,
      "recall_weighted": 0.8742471910112359
    },
    "test_metrics": {
      "acc": 0.8714426966292135,
      "auc_roc": 0.7875306662589686,
      "f1_macro": 0.7513195326188583,
      "f1_weighted": 0.8703619416149807,
      "kappa": 0.5336412580398996,
      "logloss": 0.2858090180740042,
      "mcc": 0.5633764018263185,
      "pr_auc": 0.855221064507602,
      "precision_macro": 0.8736871181144796,
      "precision_weighted": 0.9036882836513365,
      "recall_macro": 0.7215707134483701,
      "recall_weighted": 0.8714426966292135
    }
  },
  "GRIP_DFFI_NO_FS__FixedMedium": {
    "scenario": "FixedMedium",
    "method": "GRIP_DFFI_NO_FS",
    "subset": "all",
    "alpha": 0.7,
    "val_metrics": {
      "acc": 0.9629517036136289,
      "auc_roc": 0.9914414692105585,
      "f1_macro": 0.8619123217711291,
      "f1_weighted": 0.9504931947022659,
      "kappa": 0.73998154369535,
      "logloss": 0.0822348212310218,
      "mcc": 0.7430418511826047,
      "pr_auc": 0.9659630519736844,
      "precision_macro": 0.8669081506628982,
      "precision_weighted": 0.9510909868198306,
      "recall_macro": 0.8702455358351534,
      "recall_weighted": 0.9629517036136289
    },
    "test_metrics": {
      "acc": 0.9631637053096425,
      "auc_roc": 0.9914278967646708,
      "f1_macro": 0.8621092945970894,
      "f1_weighted": 0.9506783780533634,
      "kappa": 0.7404285889257989,
      "logloss": 0.08464253829064768,
      "mcc": 0.743469611865629,
      "pr_auc": 0.9647722039402314,
      "precision_macro": 0.8674981952598247,
      "precision_weighted": 0.9514901504200033,
      "recall_macro": 0.8702775029416717,
      "recall_weighted": 0.9631637053096425
    }
  },
  "FedAvg__FixedMedium": {
    "scenario": "FixedMedium",
    "method": "FedAvg",
    "subset": "all",
    "alpha": 0.7,
    "val_metrics": {
      "acc": 0.22996853932584269,
      "auc_roc": 0.511572171307436,
      "f1_macro": 0.20349197497094473,
      "f1_weighted": 0.21252898209911794,
      "kappa": 0.008124445227189508,
      "logloss": 3.17751208000729,
      "mcc": -0.07447688578779844,
      "pr_auc": 0.7270804920466435,
      "precision_macro": 0.2815916078832006,
      "precision_weighted": 0.3797802305741824,
      "recall_macro": 0.42326185983183306,
      "recall_weighted": 0.22996853932584269
    },
    "test_metrics": {
      "acc": 0.23180224719101122,
      "auc_roc": 0.5125220145263373,
      "f1_macro": 0.20462620156616493,
      "f1_weighted": 0.2132541195230916,
      "kappa": 0.006724531802251884,
      "logloss": 3.183069237512364,
      "mcc": -0.07016978686956483,
      "pr_auc": 0.7169764421807469,
      "precision_macro": 0.28313151572397455,
      "precision_weighted": 0.37946886568844,
      "recall_macro": 0.4277647384417298,
      "recall_weighted": 0.23180224719101122
    }
  },
  "FedPer__FixedMedium": {
    "scenario": "FixedMedium",
    "method": "FedPer",
    "subset": "all",
    "alpha": 0.7,
    "val_metrics": {
      "acc": 0.8474247191011236,
      "auc_roc": 0.7108019012063018,
      "f1_macro": 0.5928507809692728,
      "f1_weighted": 0.8165730989711428,
      "kappa": 0.22846874084560245,
      "logloss": 1.066336279968334,
      "mcc": 0.273103586813909,
      "pr_auc": 0.8280917489227351,
      "precision_macro": 0.8565384731270562,
      "precision_weighted": 0.8689884014168672,
      "recall_macro": 0.5888169025105109,
      "recall_weighted": 0.8474247191011236
    },
    "test_metrics": {
      "acc": 0.8460404494382022,
      "auc_roc": 0.7096445454243032,
      "f1_macro": 0.5936614579313851,
      "f1_weighted": 0.8141415163784177,
      "kappa": 0.23177081735504215,
      "logloss": 1.0929079095334557,
      "mcc": 0.276078304311668,
      "pr_auc": 0.819416828480159,
      "precision_macro": 0.8522862653733995,
      "precision_weighted": 0.8671835724071392,
      "recall_macro": 0.5915419366412051,
      "recall_weighted": 0.8460404494382022
    }
  },
  "GRIP_DFFI_NO_FS__FixedLarge": {
    "scenario": "FixedLarge",
    "method": "GRIP_DFFI_NO_FS",
    "subset": "all",
    "alpha": 0.7,
    "val_metrics": {
      "acc": 0.9595916767334138,
      "auc_roc": 0.9833040208724891,
      "f1_macro": 0.8604578001076664,
      "f1_weighted": 0.9480858236252117,
      "kappa": 0.7361423691898472,
      "logloss": 0.06570336378929931,
      "mcc": 0.7364744019549105,
      "pr_auc": 0.9527883333450897,
      "precision_macro": 0.8624682940877739,
      "precision_weighted": 0.9466915933029714,
      "recall_macro": 0.8678254451208276,
      "recall_weighted": 0.9595916767334138
    },
    "test_metrics": {
      "acc": 0.9592796742373939,
      "auc_roc": 0.9833164515501827,
      "f1_macro": 0.860160494016468,
      "f1_weighted": 0.9477769747656029,
      "kappa": 0.7355495088936369,
      "logloss": 0.06557404643976096,
      "mcc": 0.7361508207186234,
      "pr_auc": 0.9521598187002923,
      "precision_macro": 0.8620679995862239,
      "precision_weighted": 0.9463755488080836,
      "recall_macro": 0.8676118669974874,
      "recall_weighted": 0.9592796742373939
    }
  },
  "FedAvg__FixedLarge": {
    "scenario": "FixedLarge",
    "method": "FedAvg",
    "subset": "all",