{
  "FedPer": {
    "val_metrics": {
      "acc": 0.8368898876404495,
      "auc_roc": 0.7008783131541878,
      "f1_macro": 0.48747017033555007,
      "f1_weighted": 0.7868034312181534,
      "kappa": 0.05160792516753464,
      "logloss": 1.3842369958614398,
      "mcc": 0.11770477814563968,
      "pr_auc": 0.8204463646806776,
      "precision_macro": 0.8523696200984651,
      "precision_weighted": 0.8531962123025614,
      "recall_macro": 0.5173156387405372,
      "recall_weighted": 0.8368898876404495
    },
    "test_metrics": {
      "acc": 0.8344988764044944,
      "auc_roc": 0.6972649907437211,
      "f1_macro": 0.48800086093667633,
      "f1_weighted": 0.7833740547623917,
      "kappa": 0.05434322206481152,
      "logloss": 1.4021333002739962,
      "mcc": 0.10898198852983174,
      "pr_auc": 0.8076806720289229,
      "precision_macro": 0.662284282569269,
      "precision_weighted": 0.820582943603196,
      "recall_macro": 0.5177427976963912,
      "recall_weighted": 0.8344988764044944
    }
  },
  "FedRep": {
    "val_metrics": {
      "acc": 0.8256179775280899,
      "auc_roc": 0.7126325749296339,
      "f1_macro": 0.4523885392039088,
      "f1_weighted": 0.7622055663127358,
      "kappa": 0.01020680389690816,
      "logloss": 1.4706781607616628,
      "mcc": 0.03580966479909804,
      "pr_auc": 0.8457514334034139,
      "precision_macro": 0.6875294957273863,
      "precision_weighted": 0.8128734501096694,
      "recall_macro": 0.5034700638583729,
      "recall_weighted": 0.8256179775280899
    },
    "test_metrics": {
      "acc": 0.8240359550561798,
      "auc_roc": 0.7102532095590559,
      "f1_macro": 0.45201655564409376,
      "f1_weighted": 0.7596619572163696,
      "kappa": 0.010833901780555835,
      "logloss": 1.48853868700109,
      "mcc": 0.0277434683200268,
      "pr_auc": 0.8359275282425221,
      "precision_macro": 0.5090051207515341,
      "precision_weighted": 0.787133133326914,
      "recall_macro": 0.5036236302676528,
      "recall_weighted": 0.8240359550561798
    }
  },
  "pFedMe": {
    "val_metrics": {
      "acc": 0.48598651685393257,
      "auc_roc": 0.7217973894933124,
      "f1_macro": 0.3243695551111088,
      "f1_weighted": 0.41895187743273893,
      "kappa": 0.07353454977305245,
      "logloss": 1.986647625310464,
      "mcc": 0.10925769774248807,
      "pr_auc": 0.8043709630521374,
      "precision_macro": 0.4243264230507232,
      "precision_weighted": 0.4196860892065826,
      "recall_macro": 0.524016163426157,
      "recall_weighted": 0.48598651685393257
    },
    "test_metrics": {
      "acc": 0.4850696629213483,
      "auc_roc": 0.7170601816300558,
      "f1_macro": 0.3259750320837042,
      "f1_weighted": 0.41791155145672215,
      "kappa": 0.07661689728214188,
      "logloss": 2.010068324539234,
      "mcc": 0.11265326756177838,
      "pr_auc": 0.7938149476175814,
      "precision_macro": 0.49224698627403357,
      "precision_weighted": 0.49754414602464414,
      "recall_macro": 0.5255645841903569,
      "recall_weighted": 0.4850696629213483
    }
  },
  "FedBN": {
    "val_metrics": {
      "acc": 0.9289348314606741,
      "auc_roc": 0.9561448331644276,
      "f1_macro": 0.8413153557958941,
      "f1_weighted": 0.9204880119284784,
      "kappa": 0.6935140065041289,
      "logloss": 0.25878868448864356,
      "mcc": 0.7254949481176377,
      "pr_auc": 0.9644069148790942,
      "precision_macro": 0.9245705015809552,
      "precision_weighted": 0.9430577849686086,
      "recall_macro": 0.8188384785217315,
      "recall_weighted": 0.9289348314606741
    },
    "test_metrics": {
      "acc": 0.9275505617977529,
      "auc_roc": 0.9546276132841829,
      "f1_macro": 0.837579747406768,
      "f1_weighted": 0.9190188177524825,
      "kappa": 0.6859349333683267,
      "logloss": 0.27146743254437916,
      "mcc": 0.7186777767960704,
      "pr_auc": 0.9588290551607181,
      "precision_macro": 0.9204413414308575,
      "precision_weighted": 0.942005899183973,
      "recall_macro": 0.8164833863713835,
      "recall_weighted": 0.9275505617977529
    }
  },
  "APFL": {
    "val_metrics": {
      "acc": 0.49964943820224716,
      "auc_roc": 0.6784812064208781,
      "f1_macro": 0.433036620626726,
      "f1_weighted": 0.4501397025195766,
      "kappa": 0.2738336603286979,
      "logloss": 6.652087765982051,
      "mcc": 0.2804602707097698,
      "pr_auc": 0.8082023530353296,
      "precision_macro": 0.5858769379260041,
      "precision_weighted": 0.7809331351779065,
      "recall_macro": 0.6686886533741951,
      "recall_weighted": 0.49964943820224716
    },
    "test_metrics": {
      "acc": 0.49781573033707865,
      "auc_roc": 0.6837878090793005,
      "f1_macro": 0.42827835229337674,
      "f1_weighted": 0.44764867795913926,
      "kappa": 0.26259942336429126,
      "logloss": 6.639821776450811,
      "mcc": 0.26780920027148136,
      "pr_auc": 0.7977974534224588,
      "precision_macro": 0.5780278611887321,
      "precision_weighted": 0.7730548201678918,
      "recall_macro": 0.6633521264605317,
      "recall_weighted": 0.49781573033707865
    }
  }
}