{
  "MI_Only_Ranking": {
    "val_metrics": {
      "acc": 0.9221333333333334,
      "precision_macro": 0.9379777800623343,
      "recall_macro": 0.87222771862318,
      "f1_macro": 0.8977410364590327,
      "precision_weighted": 0.9257505419698937,
      "recall_weighted": 0.9221333333333334,
      "f1_weighted": 0.9189902363842015,
      "logloss": 0.2762237095886821,
      "mcc": 0.8075332064509734,
      "kappa": 0.7965403261834832,
      "auc_roc": 0.9355472127769676,
      "pr_auc": 0.9544569025906319
    },
    "test_metrics": {
      "acc": 0.9219333333333334,
      "precision_macro": 0.9370249332944685,
      "recall_macro": 0.8747879108048147,
      "f1_macro": 0.8990386983893112,
      "precision_weighted": 0.9254070935820683,
      "recall_weighted": 0.9219333333333334,
      "f1_weighted": 0.9189557166648472,
      "logloss": 0.2730328497413205,
      "mcc": 0.8094236510481945,
      "kappa": 0.7990741188979731,
      "auc_roc": 0.93658562840842,
      "pr_auc": 0.957079652486409
    },
    "selected_counts": {
      "I23Sub": 26,
      "K99Sub": 23,
      "NTD1": 15,
      "NTD2": 29,
      "WII21": 29
    }
  },
  "GraphRefined_Local": {
    "val_metrics": {
      "acc": 0.9414666666666667,
      "precision_macro": 0.945608283376166,
      "recall_macro": 0.9101728269759872,
      "f1_macro": 0.925687373177631,
      "precision_weighted": 0.9420565771359045,
      "recall_weighted": 0.9414666666666667,
      "f1_weighted": 0.9402567382017956,
      "logloss": 0.30456287358026846,
      "mcc": 0.8550471549951355,
      "kappa": 0.8516099442204372,
      "auc_roc": 0.9344717912853089,
      "pr_auc": 0.9563407694895509
    },
    "test_metrics": {
      "acc": 0.9396,
      "precision_macro": 0.9428141668532176,
      "recall_macro": 0.9099504381772805,
      "f1_macro": 0.9243882693858018,
      "precision_weighted": 0.9400562501415504,
      "recall_weighted": 0.9396,
      "f1_weighted": 0.9384378671914837,
      "logloss": 0.3134210326565365,
      "mcc": 0.8521311207380797,
      "kappa": 0.8489985000517672,
      "auc_roc": 0.9347785204102339,
      "pr_auc": 0.9588005832903184
    },
    "selected_counts": {
      "I23Sub": 26,
      "K99Sub": 23,
      "NTD1": 15,
      "NTD2": 29,
      "WII21": 29
    }
  },
  "GraphRefined_NoEdges": {
    "val_metrics": {
      "acc": 0.9240666666666667,
      "precision_macro": 0.9380427438351656,
      "recall_macro": 0.8764239832407732,
      "f1_macro": 0.9007283240673281,
      "precision_weighted": 0.9271172998751753,
      "recall_weighted": 0.9240666666666667,
      "f1_weighted": 0.9212075351863958,
      "logloss": 0.256342541045558,
      "mcc": 0.8121324878716543,
      "kappa": 0.8023682861262097,
      "auc_roc": 0.9380168704114497,
      "pr_auc": 0.9554062701514134
    },
    "test_metrics": {
      "acc": 0.9231333333333334,
      "precision_macro": 0.9357095145492075,
      "recall_macro": 0.8783035572740137,
      "f1_macro": 0.9010919850886632,
      "precision_weighted": 0.9258770548014167,
      "recall_weighted": 0.9231333333333334,
      "f1_weighted": 0.9204345833081774,
      "logloss": 0.2590366561456505,
      "mcc": 0.8119863528215208,
      "kappa": 0.8030307054345668,
      "auc_roc": 0.9376805806936228,
      "pr_auc": 0.9566656062645335
    },
    "selected_counts": {
      "I23Sub": 26,
      "K99Sub": 23,
      "NTD1": 15,
      "NTD2": 29,
      "WII21": 29
    }
  },
  "ReliefF_Ranking": {
    "val_metrics": {
      "acc": 0.9319333333333333,
      "precision_macro": 0.9490115779145014,
      "recall_macro": 0.8861679853000115,
      "f1_macro": 0.9110429007939451,
      "precision_weighted": 0.9356479981061376,
      "recall_weighted": 0.9319333333333333,
      "f1_weighted": 0.9293841775123901,
      "logloss": 0.245052094289742,
      "mcc": 0.832811854909912,
      "kappa": 0.8228951607348707,
      "auc_roc": 0.9358116398671263,
      "pr_auc": 0.9543910189333299
    },
    "test_metrics": {
      "acc": 0.9305333333333333,
      "precision_macro": 0.9465420602418517,
      "recall_macro": 0.8868698887177293,
      "f1_macro": 0.9105341519819038,
      "precision_weighted": 0.9340604756735288,
      "recall_weighted": 0.9305333333333333,
      "f1_weighted": 0.9280574053544056,
      "logloss": 0.2451500790383873,
      "mcc": 0.8312729447144319,
      "kappa": 0.8218543762674925,
      "auc_roc": 0.936644699304032,
      "pr_auc": 0.9564303864261072
    },
    "selected_counts": {
      "I23Sub": 26,
      "K99Sub": 23,
      "NTD1": 15,
      "NTD2": 29,
      "WII21": 29
    }
  },
  "ChiSquare_ANOVA_Univariate": {
    "val_metrics": {
      "acc": 0.9285333333333333,
      "precision_macro": 0.9476038600555996,
      "recall_macro": 0.8797652636774296,
      "f1_macro": 0.9060815929944905,
      "precision_weighted": 0.9329154577454979,
      "recall_weighted": 0.9285333333333333,
      "f1_weighted": 0.9256189541674512,
      "logloss": 0.2671450332910964,
      "mcc": 0.8245832836943764,
      "kappa": 0.8131522546282988,
      "auc_roc": 0.9281292530643988,
      "pr_auc": 0.9455131012611379
    },
    "test_metrics": {
      "acc": 0.9275333333333333,
      "precision_macro": 0.9450097530186592,
      "recall_macro": 0.8814813890410044,
      "f1_macro": 0.9062656161095517,
      "precision_weighted": 0.9315626911161562,
      "recall_weighted": 0.9275333333333333,
      "f1_weighted": 0.9247621304312562,
      "logloss": 0.26719259093698655,
      "mcc": 0.8240459664808812,
      "kappa": 0.813460728729821,
      "auc_roc": 0.9276455997784041,
      "pr_auc": 0.9452799232951836
    },
    "selected_counts": {
      "I23Sub": 26,
      "K99Sub": 23,
      "NTD1": 15,
      "NTD2": 29,
      "WII21": 29
    }
  }
}