{
  "Centralized_Deep": {
    "val_metrics": {
      "acc": 0.9376666666666666,
      "precision_macro": 0.9443242513365966,
      "recall_macro": 0.9016574102926564,
      "f1_macro": 0.919870530888842,
      "precision_weighted": 0.93874510536905,
      "recall_weighted": 0.9376666666666666,
      "f1_weighted": 0.9360982704876335,
      "logloss": 0.28504467228759167,
      "mcc": 0.8449050316386588,
      "kappa": 0.8400956511900235,
      "auc_roc": 0.9409556604817936,
      "pr_auc": 0.961390836222084
    },
    "test_metrics": {
      "acc": 0.9335333333333333,
      "precision_macro": 0.9415910087482837,
      "recall_macro": 0.8965692493852895,
      "f1_macro": 0.9154502121295097,
      "precision_weighted": 0.9349777932568009,
      "recall_weighted": 0.9335333333333333,
      "f1_weighted": 0.9317529135867264,
      "logloss": 0.28263026771154515,
      "mcc": 0.8369502132734054,
      "kappa": 0.8313452256658396,
      "auc_roc": 0.9430615780457817,
      "pr_auc": 0.9610965232893274
    }
  },
  "Pooled_Merged_NoClientSim": {
    "val_metrics": {
      "acc": 0.9645333333333334,
      "precision_macro": 0.9598657095219301,
      "recall_macro": 0.9549294313683665,
      "f1_macro": 0.9573498464466201,
      "precision_weighted": 0.9644106192735273,
      "recall_weighted": 0.9645333333333334,
      "f1_weighted": 0.9644376468608333,
      "logloss": 0.29200240165959696,
      "mcc": 0.9147818225973274,
      "kappa": 0.9147027582455765,
      "auc_roc": 0.9646761214937978,
      "pr_auc": 0.9734654705949922
    },
    "test_metrics": {
      "acc": 0.9648666666666667,
      "precision_macro": 0.9582243691465416,
      "recall_macro": 0.9553007145772632,
      "f1_macro": 0.956747262611947,
      "precision_weighted": 0.9647753147753445,
      "recall_weighted": 0.9648666666666667,
      "f1_weighted": 0.9648104467586097,
      "logloss": 0.2892242456213609,
      "mcc": 0.9135204052655551,
      "kappa": 0.9134954836872946,
      "auc_roc": 0.9649779102758589,
      "pr_auc": 0.9762374786513649
    }
  },
  "Local_Only_Isolated": {
    "val_metrics": {
      "acc": 0.9341150684931507,
      "auc_roc": 0.9061982251643512,
      "f1_macro": 0.7551808253413581,
      "f1_weighted": 0.9216493475009301,
      "kappa": 0.523069684208961,
      "logloss": 0.21728365160535876,
      "mcc": 0.5289114738479549,
      "pr_auc": 0.934493158944325,
      "precision_macro": 0.7747106641239592,
      "precision_weighted": 0.9138069533937205,
      "recall_macro": 0.7452345521340363,
      "recall_weighted": 0.9341150684931507
    },
    "test_metrics": {
      "acc": 0.9343561643835616,
      "auc_roc": 0.9101454699981961,
      "f1_macro": 0.7548167712298002,
      "f1_weighted": 0.9219004430704865,
      "kappa": 0.5223354954716071,
      "logloss": 0.2112177393018526,
      "mcc": 0.5286035570441733,
      "pr_auc": 0.9375202538654821,
      "precision_macro": 0.7751872969882776,
      "precision_weighted": 0.914549202692876,
      "recall_macro": 0.744532480954926,
      "recall_weighted": 0.9343561643835616
    }
  },
  "Local_Ensemble_NoFederation": {
    "val_metrics": {
      "acc": 0.9374904109589041,
      "auc_roc": 0.9041254474103972,
      "f1_macro": 0.772202393183161,
      "f1_weighted": 0.9253241685539959,
      "kappa": 0.5565589850939392,
      "logloss": 0.20669325377109216,
      "mcc": 0.5905646768199138,
      "pr_auc": 0.9392729092110115,
      "precision_macro": 0.9093817612616028,
      "precision_weighted": 0.9368618129566508,
      "recall_macro": 0.7624838893614204,
      "recall_weighted": 0.9374904109589041
    },
    "test_metrics": {
      "acc": 0.9393753424657534,
      "auc_roc": 0.9042511090681243,
      "f1_macro": 0.7686146596113637,
      "f1_weighted": 0.9279576769882497,
      "kappa": 0.5486685782771126,
      "logloss": 0.20325597901285114,
      "mcc": 0.5763405160929554,
      "pr_auc": 0.9402503983288938,
      "precision_macro": 0.8884525109368434,
      "precision_weighted": 0.9363223717046703,
      "recall_macro": 0.7600035133743858,
      "recall_weighted": 0.9393753424657534
    }
  },
  "Single_Dataset_Only": {
    "val_metrics": {
      "acc": 0.5103780821917808,
      "auc_roc": 0.4798226589373073,
      "f1_macro": 0.3447356805910648,
      "f1_weighted": 0.4590429805550666,
      "kappa": 0.0636646196579527,
      "logloss": 1.4557490670392055,
      "mcc": 0.06489151780026232,
      "pr_auc": 0.5287164010182702,
      "precision_macro": 0.7105901756245616,
      "precision_weighted": 0.8284401156238722,
      "recall_macro": 0.5123478467762977,
      "recall_weighted": 0.5103780821917808
    },
    "test_metrics": {
      "acc": 0.5104657534246575,
      "auc_roc": 0.48271222608901165,
      "f1_macro": 0.3437081341291845,
      "f1_weighted": 0.458348767953085,
      "kappa": 0.06165536827014272,
      "logloss": 1.4761778950561788,
      "mcc": 0.059127078548549886,
      "pr_auc": 0.5282408950120344,
      "precision_macro": 0.7099916401982658,
      "precision_weighted": 0.8263957476807468,
      "recall_macro": 0.5112140674218887,
      "recall_weighted": 0.5104657534246575
    }
  }
}