{
  "No_Routing_Setting": {
    "val_metrics": {
      "acc": 0.884961797752809,
      "auc_roc": 0.8315505612817573,
      "f1_macro": 0.6879251131985986,
      "f1_weighted": 0.8475370276307287,
      "kappa": 0.4425869665681176,
      "logloss": 1.3285018593696083,
      "mcc": 0.4663140477137058,
      "pr_auc": 0.8856906550043558,
      "precision_macro": 0.9079618398193481,
      "precision_weighted": 0.9263481401154605,
      "recall_macro": 0.7166609157129553,
      "recall_weighted": 0.884961797752809
    },
    "test_metrics": {
      "acc": 0.8826247191011236,
      "auc_roc": 0.8267719164622348,
      "f1_macro": 0.684308069067532,
      "f1_weighted": 0.8444554172229247,
      "kappa": 0.4362587503291268,
      "logloss": 1.3526627126657096,
      "mcc": 0.4559746044657214,
      "pr_auc": 0.8776094352764501,
      "precision_macro": 0.8959750689426009,
      "precision_weighted": 0.9228966118087863,
      "recall_macro": 0.7147586754044858,
      "recall_weighted": 0.8826247191011236
    }
  },
  "Single_Tokenizer_Setting": {
    "val_metrics": {
      "acc": 0.16722696629213482,
      "auc_roc": 0.9328239811120889,
      "f1_macro": 0.1276002347456907,
      "f1_weighted": 0.07925346309288825,
      "kappa": 0.0,
      "logloss": 5.9046437481755705,
      "mcc": 0.0,
      "pr_auc": 0.8661238414901812,
      "precision_macro": 0.08361348314606741,
      "precision_weighted": 0.0573845194972696,
      "recall_macro": 0.5,
      "recall_weighted": 0.16722696629213482
    },
    "test_metrics": {
      "acc": 0.16870112359550563,
      "auc_roc": 0.9309875114755366,
      "f1_macro": 0.12889157313053556,
      "f1_weighted": 0.07961910092994011,
      "kappa": 0.0,
      "logloss": 5.8810265471536445,
      "mcc": 0.0,
      "pr_auc": 0.8551932762890475,
      "precision_macro": 0.08435056179775281,
      "precision_weighted": 0.057579509948448876,
      "recall_macro": 0.5,
      "recall_weighted": 0.16870112359550563
    }
  },
  "Layer_Only_Personalization": {
    "val_metrics": {
      "acc": 0.8368898876404495,
      "auc_roc": 0.7008783131541878,
      "f1_macro": 0.48747017033555007,
      "f1_weighted": 0.7868034312181534,
      "kappa": 0.05160792516753464,
      "logloss": 1.3842369958614398,
      "mcc": 0.11770477814563968,
      "pr_auc": 0.8204463646806776,
      "precision_macro": 0.8523696200984651,
      "precision_weighted": 0.8531962123025614,
      "recall_macro": 0.5173156387405372,
      "recall_weighted": 0.8368898876404495
    },
    "test_metrics": {
      "acc": 0.8344988764044944,
      "auc_roc": 0.6972649907437211,
      "f1_macro": 0.48800086093667633,
      "f1_weighted": 0.7833740547623917,
      "kappa": 0.05434322206481152,
      "logloss": 1.4021333002739962,
      "mcc": 0.10898198852983174,
      "pr_auc": 0.8076806720289229,
      "precision_macro": 0.662284282569269,
      "precision_weighted": 0.820582943603196,
      "recall_macro": 0.5177427976963912,
      "recall_weighted": 0.8344988764044944
    }
  },
  "All_Shared_Routing": {
    "val_metrics": {
      "acc": 0.8499955056179775,
      "auc_roc": 0.6686396017908622,
      "f1_macro": 0.5816823616778006,
      "f1_weighted": 0.8087035481356084,
      "kappa": 0.23077116438214965,
      "logloss": 1.3973997115579073,
      "mcc": 0.26552483656353465,
      "pr_auc": 0.8078560749073331,
      "precision_macro": 0.7901549500123547,
      "precision_weighted": 0.8124893599233547,
      "recall_macro": 0.5868678805477104,
      "recall_weighted": 0.8499955056179775
    },
    "test_metrics": {
      "acc": 0.848,
      "auc_roc": 0.666705174704412,
      "f1_macro": 0.5794517757680774,
      "f1_weighted": 0.8057465450644803,
      "kappa": 0.2277036952084195,
      "logloss": 1.4187109382899932,
      "mcc": 0.25563836980341176,
      "pr_auc": 0.7986181978455644,
      "precision_macro": 0.8021579366116386,
      "precision_weighted": 0.8101444020511327,
      "recall_macro": 0.5865606348716544,
      "recall_weighted": 0.848
    }
  },
  "All_Private_Routing": {
    "val_metrics": {
      "acc": 0.8906606741573033,
      "auc_roc": 0.917491089260636,
      "f1_macro": 0.7468583231423914,
      "f1_weighted": 0.8605998355310482,
      "kappa": 0.5485587362310507,
      "logloss": 0.27355996046534353,
      "mcc": 0.599275512501123,
      "pr_auc": 0.9560240436706774,
      "precision_macro": 0.9113872787944092,
      "precision_weighted": 0.9211148330289393,
      "recall_macro": 0.7522097347247201,
      "recall_weighted": 0.8906606741573033
    },
    "test_metrics": {
      "acc": 0.888305617977528,
      "auc_roc": 0.9091106542736707,
      "f1_macro": 0.7448294776782666,
      "f1_weighted": 0.8577782249144401,
      "kappa": 0.5451594535488031,
      "logloss": 0.28805376676639244,
      "mcc": 0.5942377199315754,
      "pr_auc": 0.948080560532535,
      "precision_macro": 0.9050162812607232,
      "precision_weighted": 0.9194719183100508,
      "recall_macro": 0.7515799662774948,
      "recall_weighted": 0.888305617977528
    }
  }
}